1,2016-03-30 12:20:40,KWH,0.7266422225157203
1,2016-03-30 12:35:40,KWH,1.8756500752846206
1,2016-03-30 12:50:40,KWH,0.1271167539837918
1,2016-03-30 13:05:40,KWH,1.45001828592455
1,2016-03-30 13:20:40,KWH,1.1510922282719462
1,2016-03-30 13:35:40,KWH,0.6163388712005684
1,2016-03-30 13:50:40,KWH,0.7996888657442357
1,2016-03-30 14:05:40,KWH,0.9848442926587961
1,2016-03-30 14:20:40,KWH,0.8502956690198396
1,2016-03-30 14:35:40,KWH,1.0834287883512281
1,2016-03-30 14:50:40,KWH,0.685605356291588
1,2016-03-30 15:05:40,KWH,0.6227794645551019
1,2016-03-30 15:20:40,KWH,1.719470203939007
1,2016-03-30 15:35:40,KWH,0.22618509650492896
1,2016-03-30 15:50:40,KWH,1.3654472225669552
1,2016-03-30 16:05:40,KWH,1.1087146831894228
1,2016-03-30 16:20:40,KWH,0.7129728950014034
1,2016-03-30 16:35:40,KWH,0.6634042690001372
1,2016-03-30 16:50:40,KWH,1.0647200487494108
1,2016-03-30 17:05:40,KWH,0.5818697427902279
1,2016-03-30 17:20:40,KWH,1.5394449287914909
1,2016-03-30 17:35:40,KWH,1.6387809343342026
1,2016-03-30 17:50:40,KWH,0.39720305571988745
1,2016-03-30 18:05:40,KWH,0.9458946773746432
1,2016-03-30 18:20:40,KWH,0.586731502937302
1,2016-03-30 18:35:40,KWH,1.7596385197433082
1,2016-03-30 18:50:40,KWH,0.19873377387667487
1,2016-03-30 19:05:40,KWH,0.5497034599475477
1,2016-03-30 19:20:40,KWH,1.334917197174323
1,2016-03-30 19:35:40,KWH,0.47132225299787456
1,2016-03-30 19:50:40,KWH,1.0500929446337888
1,2016-03-30 20:05:40,KWH,0.4589072921835605
1,2016-03-30 20:20:40,KWH,1.1712626507416626
1,2016-03-30 20:35:40,KWH,1.706671596826368
1,2016-03-30 20:50:40,KWH,0.55863950236762
1,2016-03-30 21:05:40,KWH,0.8397120941984663
1,2016-03-30 21:20:40,KWH,1.021185162560387
1,2016-03-30 21:35:40,KWH,1.8122781571677125
1,2016-03-30 21:50:40,KWH,1.7590561123796948
1,2016-03-30 22:05:40,KWH,0.50757457717965
1,2016-03-30 22:20:40,KWH,0.11997222059643547
1,2016-03-30 22:35:40,KWH,0.15243273157263043
1,2016-03-30 22:50:40,KWH,1.2831129312036258
1,2016-03-30 23:05:40,KWH,0.20599890473503166
1,2016-03-30 23:20:40,KWH,0.7564935788461817
1,2016-03-30 23:35:40,KWH,1.4042378502162183
1,2016-03-30 23:50:40,KWH,1.063072027112994
1,2016-03-31 00:05:40,KWH,1.5117181426956345
1,2016-03-31 00:20:40,KWH,1.2690240891811682
1,2016-03-31 00:35:40,KWH,0.8169239768647193
1,2016-03-31 00:50:40,KWH,0.6758712631101644
1,2016-03-31 01:05:40,KWH,1.7394640073047716
1,2016-03-31 01:20:40,KWH,0.9202636103712059
1,2016-03-31 01:35:40,KWH,0.5935176504228539
1,2016-03-31 01:50:40,KWH,0.812819082938411
1,2016-03-31 02:05:40,KWH,1.86302955760378
1,2016-03-31 02:20:40,KWH,1.5535373816035019
1,2016-03-31 02:35:40,KWH,0.2673609330935489
1,2016-03-31 02:50:40,KWH,0.4619381507852667
1,2016-03-31 03:05:40,KWH,0.42894592255013897
1,2016-03-31 03:20:40,KWH,0.7380763621434884
1,2016-03-31 03:35:40,KWH,0.5829743400050192
1,2016-03-31 03:50:40,KWH,1.1291158223958264
1,2016-03-31 04:05:40,KWH,1.2042098995988986
1,2016-03-31 04:20:40,KWH,1.835394078773581
1,2016-03-31 04:35:40,KWH,1.2695756927075907
1,2016-03-31 04:50:40,KWH,0.5717851109287687
1,2016-03-31 05:05:40,KWH,1.359491402445145
1,2016-03-31 05:20:40,KWH,0.13492313616576004
1,2016-03-31 05:35:40,KWH,1.2182637290773488
1,2016-03-31 05:50:40,KWH,1.2419718916409492
1,2016-03-31 06:05:40,KWH,1.4280491335793406
1,2016-03-31 06:20:40,KWH,0.29457521374882195
1,2016-03-31 06:35:40,KWH,0.899306977910617
1,2016-03-31 06:50:40,KWH,1.4411907024968753
1,2016-03-31 07:05:40,KWH,1.3590072035487841
1,2016-03-31 07:20:40,KWH,1.199351369319346
1,2016-03-31 07:35:40,KWH,1.5534604588532384
1,2016-03-31 07:50:40,KWH,0.5810264850001632
1,2016-03-31 08:05:40,KWH,0.17837190923455926
1,2016-03-31 08:20:40,KWH,0.6117765795435613
1,2016-03-31 08:35:40,KWH,0.12386564747809022
1,2016-03-31 08:50:40,KWH,0.7920032020927301
1,2016-03-31 09:05:40,KWH,1.5668250798569618
1,2016-03-31 09:20:40,KWH,1.4832156348733114
1,2016-03-31 09:35:40,KWH,0.3875065040905846
1,2016-03-31 09:50:40,KWH,1.5881296445577289
1,2016-03-31 10:05:40,KWH,1.422223789396471
1,2016-03-31 10:20:40,KWH,1.783561372002191
1,2016-03-31 10:35:40,KWH,1.1058631421231466
1,2016-03-31 10:50:40,KWH,1.6327037003531861
1,2016-03-31 11:05:40,KWH,1.7209559902804765
1,2016-03-31 11:20:40,KWH,1.7873863059741608
1,2016-03-31 11:35:40,KWH,0.8693241290470024
1,2016-03-31 11:50:40,KWH,1.5067872489625793
1,2016-03-31 12:05:40,KWH,1.6367085830419215
2,2016-03-30 12:20:40,KWH,0.523195656201522
2,2016-03-30 12:35:40,KWH,1.0029041422012248
2,2016-03-30 12:50:40,KWH,1.505172406735457
2,2016-03-30 13:05:40,KWH,0.8113574005072247
2,2016-03-30 13:20:40,KWH,1.8965921166037356
2,2016-03-30 13:35:40,KWH,0.18738926807365602
2,2016-03-30 13:50:40,KWH,0.6070322418915017
2,2016-03-30 14:05:40,KWH,1.5221435422304208
2,2016-03-30 14:20:40,KWH,1.8966129027621514
2,2016-03-30 14:35:40,KWH,1.568453593784912
2,2016-03-30 14:50:40,KWH,0.5881063241804367
2,2016-03-30 15:05:40,KWH,0.23583109773825764
2,2016-03-30 15:20:40,KWH,1.2029721712414168
2,2016-03-30 15:35:40,KWH,1.2045439570210648
2,2016-03-30 15:50:40,KWH,0.23139093653579856
2,2016-03-30 16:05:40,KWH,0.5431871608730006
2,2016-03-30 16:20:40,KWH,1.6910020048153784
2,2016-03-30 16:35:40,KWH,1.6011346820241867
2,2016-03-30 16:50:40,KWH,0.5871281029509182
2,2016-03-30 17:05:40,KWH,0.846683603536336
2,2016-03-30 17:20:40,KWH,1.3367790374796857
2,2016-03-30 17:35:40,KWH,1.3312482873063924
2,2016-03-30 17:50:40,KWH,1.2612627961983158
2,2016-03-30 18:05:40,KWH,1.530510135370682
2,2016-03-30 18:20:40,KWH,0.4556504229445709
2,2016-03-30 18:35:40,KWH,0.5519767246440282
2,2016-03-30 18:50:40,KWH,0.3894177210526125
2,2016-03-30 19:05:40,KWH,0.8873525349714587
2,2016-03-30 19:20:40,KWH,0.5514445380921077
2,2016-03-30 19:35:40,KWH,0.7155054445093784
2,2016-03-30 19:50:40,KWH,0.42730379809812313
2,2016-03-30 20:05:40,KWH,0.2856899377373766
2,2016-03-30 20:20:40,KWH,0.3737983959407303
2,2016-03-30 20:35:40,KWH,1.7453999713490302
2,2016-03-30 20:50:40,KWH,1.5055260142128966
2,2016-03-30 21:05:40,KWH,1.56596241159988
2,2016-03-30 21:20:40,KWH,0.8867545570914376
2,2016-03-30 21:35:40,KWH,1.8945579124043053
2,2016-03-30 21:50:40,KWH,1.474142525580234
2,2016-03-30 22:05:40,KWH,1.6494213133860902
2,2016-03-30 22:20:40,KWH,1.0271445486648572
2,2016-03-30 22:35:40,KWH,1.752705274366129
2,2016-03-30 22:50:40,KWH,0.50615856450416
2,2016-03-30 23:05:40,KWH,0.11491536459892165
2,2016-03-30 23:20:40,KWH,1.775802824984484
2,2016-03-30 23:35:40,KWH,0.5785994887025219
2,2016-03-30 23:50:40,KWH,0.2632263488332215
2,2016-03-31 00:05:40,KWH,1.7743507103217022
2,2016-03-31 00:20:40,KWH,1.1820407553219443
2,2016-03-31 00:35:40,KWH,1.0923394080196163
2,2016-03-31 00:50:40,KWH,0.24625971027129612
2,2016-03-31 01:05:40,KWH,1.0178412923370828
2,2016-03-31 01:20:40,KWH,0.564031857196122
2,2016-03-31 01:35:40,KWH,1.7362984609254783
2,2016-03-31 01:50:40,KWH,1.2508344617880176
2,2016-03-31 02:05:40,KWH,1.5170885450477323
2,2016-03-31 02:20:40,KWH,0.3610257680878305
2,2016-03-31 02:35:40,KWH,0.8252755322962366
2,2016-03-31 02:50:40,KWH,1.033333289423719
2,2016-03-31 03:05:40,KWH,0.22273673754861467
2,2016-03-31 03:20:40,KWH,0.9047156180148017
2,2016-03-31 03:35:40,KWH,0.7742309277988496
2,2016-03-31 03:50:40,KWH,1.0502936872391953
2,2016-03-31 04:05:40,KWH,1.535949077225874
2,2016-03-31 04:20:40,KWH,1.4092547977271654
2,2016-03-31 04:35:40,KWH,0.9331394310065546
2,2016-03-31 04:50:40,KWH,0.617531821880903
2,2016-03-31 05:05:40,KWH,1.4658593130115678
2,2016-03-31 05:20:40,KWH,0.2508426080238015
2,2016-03-31 05:35:40,KWH,0.474747103314925
2,2016-03-31 05:50:40,KWH,0.906408186610178
2,2016-03-31 06:05:40,KWH,1.2391885425548994
2,2016-03-31 06:20:40,KWH,0.3690877709594389
2,2016-03-31 06:35:40,KWH,0.8093099751858284
2,2016-03-31 06:50:40,KWH,1.208987829423294
2,2016-03-31 07:05:40,KWH,1.1407740091101286
2,2016-03-31 07:20:40,KWH,0.7279531235290451
2,2016-03-31 07:35:40,KWH,1.6118497286458964
2,2016-03-31 07:50:40,KWH,1.884586043183057
2,2016-03-31 08:05:40,KWH,0.6951928921619361
2,2016-03-31 08:20:40,KWH,1.7968045267491914
2,2016-03-31 08:35:40,KWH,0.9214483068492938
2,2016-03-31 08:50:40,KWH,0.9855074268466825
2,2016-03-31 09:05:40,KWH,0.8317441774912563
2,2016-03-31 09:20:40,KWH,0.21049806292325088
2,2016-03-31 09:35:40,KWH,1.7235502376032292
2,2016-03-31 09:50:40,KWH,0.1855522992838776
2,2016-03-31 10:05:40,KWH,0.847330219094335
2,2016-03-31 10:20:40,KWH,0.832791026216309
2,2016-03-31 10:35:40,KWH,0.6870348623233126
2,2016-03-31 10:50:40,KWH,1.1746179625124538
2,2016-03-31 11:05:40,KWH,0.4461907764935198
2,2016-03-31 11:20:40,KWH,0.7035994061589053
2,2016-03-31 11:35:40,KWH,0.20347477943940104
2,2016-03-31 11:50:40,KWH,1.0355050307693654
2,2016-03-31 12:05:40,KWH,1.026000659539316
3,2016-03-30 12:20:40,KWH,1.390654471442485
3,2016-03-30 12:35:40,KWH,0.254285895131596
3,2016-03-30 12:50:40,KWH,0.9152323449762421
3,2016-03-30 13:05:40,KWH,1.375564264292748
3,2016-03-30 13:20:40,KWH,1.6112345699271928
3,2016-03-30 13:35:40,KWH,0.7578634492887162
3,2016-03-30 13:50:40,KWH,0.18838337324738247
3,2016-03-30 14:05:40,KWH,0.7929872567995845
3,2016-03-30 14:20:40,KWH,1.1549224488182306
3,2016-03-30 14:35:40,KWH,0.7815441177668208
3,2016-03-30 14:50:40,KWH,0.5297029509116659
3,2016-03-30 15:05:40,KWH,1.788514656855759
3,2016-03-30 15:20:40,KWH,0.6838551111886584
3,2016-03-30 15:35:40,KWH,0.5483887701448151
3,2016-03-30 15:50:40,KWH,1.5446523196268056
3,2016-03-30 16:05:40,KWH,1.2554970535417531
3,2016-03-30 16:20:40,KWH,1.5683664955310275
3,2016-03-30 16:35:40,KWH,0.12265274163787143
3,2016-03-30 16:50:40,KWH,0.7243867683043472
3,2016-03-30 17:05:40,KWH,0.4324593565357361
3,2016-03-30 17:20:40,KWH,1.5186970744011568
3,2016-03-30 17:35:40,KWH,0.27463824624917804
3,2016-03-30 17:50:40,KWH,1.2764899155409344
3,2016-03-30 18:05:40,KWH,1.8124958311709576
3,2016-03-30 18:20:40,KWH,1.8370992629127496
3,2016-03-30 18:35:40,KWH,0.47756190704720014
3,2016-03-30 18:50:40,KWH,0.9829981732589378
3,2016-03-30 19:05:40,KWH,1.1469297891176413
3,2016-03-30 19:20:40,KWH,1.8781550449088595
3,2016-03-30 19:35:40,KWH,1.5560268148687353
3,2016-03-30 19:50:40,KWH,0.6171358958708362
3,2016-03-30 20:05:40,KWH,1.0291688527305982
3,2016-03-30 20:20:40,KWH,1.1049239596735807
3,2016-03-30 20:35:40,KWH,1.2166292315608023
3,2016-03-30 20:50:40,KWH,1.5989455499285734
3,2016-03-30 21:05:40,KWH,1.680513576889098
3,2016-03-30 21:20:40,KWH,1.448557098023009
3,2016-03-30 21:35:40,KWH,0.34686030746065943
3,2016-03-30 21:50:40,KWH,1.267645107967141
3,2016-03-30 22:05:40,KWH,1.218586497753092
3,2016-03-30 22:20:40,KWH,0.9588402740325133
3,2016-03-30 22:35:40,KWH,0.3871273279956645
3,2016-03-30 22:50:40,KWH,0.5666493574120133
3,2016-03-30 23:05:40,KWH,1.7991838515886585
3,2016-03-30 23:20:40,KWH,1.6465740328452292
3,2016-03-30 23:35:40,KWH,0.9274686469075251
3,2016-03-30 23:50:40,KWH,1.6925647388279441
3,2016-03-31 00:05:40,KWH,0.11359470692725147
3,2016-03-31 00:20:40,KWH,1.3179482478149342
3,2016-03-31 00:35:40,KWH,1.8628160039756698
3,2016-03-31 00:50:40,KWH,1.4603337739974522
3,2016-03-31 01:05:40,KWH,1.6559498885115203
3,2016-03-31 01:20:40,KWH,0.7231350891772866
3,2016-03-31 01:35:40,KWH,0.21241667129651903
3,2016-03-31 01:50:40,KWH,1.8644996511750649
3,2016-03-31 02:05:40,KWH,0.4315266823048538
3,2016-03-31 02:20:40,KWH,1.1153981161267787
3,2016-03-31 02:35:40,KWH,0.7286911095596379
3,2016-03-31 02:50:40,KWH,1.3437869263167457
3,2016-03-31 03:05:40,KWH,0.8823073381927519
3,2016-03-31 03:20:40,KWH,0.9871635978871571
3,2016-03-31 03:35:40,KWH,0.78832654488077
3,2016-03-31 03:50:40,KWH,0.48386245254839066
3,2016-03-31 04:05:40,KWH,0.45310330363645424
3,2016-03-31 04:20:40,KWH,0.4932219965460354
3,2016-03-31 04:35:40,KWH,1.0870313932673354
3,2016-03-31 04:50:40,KWH,1.0931040872708047
3,2016-03-31 05:05:40,KWH,0.562252998920087
3,2016-03-31 05:20:40,KWH,0.46270380820292323
3,2016-03-31 05:35:40,KWH,0.5197641110451566
3,2016-03-31 05:50:40,KWH,1.1279523921887997
3,2016-03-31 06:05:40,KWH,1.2764381007395027
3,2016-03-31 06:20:40,KWH,0.9598985900740628
3,2016-03-31 06:35:40,KWH,1.8602420451069057
3,2016-03-31 06:50:40,KWH,1.7992523947023844
3,2016-03-31 07:05:40,KWH,0.5561378105305061
3,2016-03-31 07:20:40,KWH,0.2142591515886999
3,2016-03-31 07:35:40,KWH,0.5129282231475637
3,2016-03-31 07:50:40,KWH,0.502781410321738
3,2016-03-31 08:05:40,KWH,1.487892237050608
3,2016-03-31 08:20:40,KWH,1.193720379812857
3,2016-03-31 08:35:40,KWH,0.18366136172711217
3,2016-03-31 08:50:40,KWH,0.5385295201790544
3,2016-03-31 09:05:40,KWH,0.22621477425739012
3,2016-03-31 09:20:40,KWH,1.6652062232316023
3,2016-03-31 09:35:40,KWH,0.5479104141647835
3,2016-03-31 09:50:40,KWH,1.6586000118503232
3,2016-03-31 10:05:40,KWH,1.878266345877562
3,2016-03-31 10:20:40,KWH,0.918456085758909
3,2016-03-31 10:35:40,KWH,1.002603622215259
3,2016-03-31 10:50:40,KWH,1.1428280430500113
3,2016-03-31 11:05:40,KWH,0.36150345362935676
3,2016-03-31 11:20:40,KWH,1.8673570715210457
3,2016-03-31 11:35:40,KWH,0.7474811570986721
3,2016-03-31 11:50:40,KWH,0.2664316425146301
3,2016-03-31 12:05:40,KWH,1.1741242831271452
4,2016-03-30 12:20:40,KWH,1.4523153855027335
4,2016-03-30 12:35:40,KWH,1.0640709974956357
4,2016-03-30 12:50:40,KWH,1.1434915879700598
4,2016-03-30 13:05:40,KWH,0.9478432060946141
4,2016-03-30 13:20:40,KWH,0.29939950493250395
4,2016-03-30 13:35:40,KWH,1.2961863995945613
4,2016-03-30 13:50:40,KWH,0.6702042552036902
4,2016-03-30 14:05:40,KWH,0.6763918953592452
4,2016-03-30 14:20:40,KWH,0.7363405623043096
4,2016-03-30 14:35:40,KWH,1.1165133804316285
4,2016-03-30 14:50:40,KWH,1.748333816295117
4,2016-03-30 15:05:40,KWH,0.1091548155456854
4,2016-03-30 15:20:40,KWH,0.5750677836972712
4,2016-03-30 15:35:40,KWH,0.34853550750985207
4,2016-03-30 15:50:40,KWH,0.8375936422806342
4,2016-03-30 16:05:40,KWH,0.3289740692005825
4,2016-03-30 16:20:40,KWH,1.0347907999139534
4,2016-03-30 16:35:40,KWH,1.5153646697072185
4,2016-03-30 16:50:40,KWH,0.8811910285302276
4,2016-03-30 17:05:40,KWH,1.5874488184921143
4,2016-03-30 17:20:40,KWH,1.78299140087318
4,2016-03-30 17:35:40,KWH,1.4317875257048518
4,2016-03-30 17:50:40,KWH,0.6103711614392869
4,2016-03-30 18:05:40,KWH,1.175996706964549
4,2016-03-30 18:20:40,KWH,1.2974943244467445
4,2016-03-30 18:35:40,KWH,0.5542998962299086
4,2016-03-30 18:50:40,KWH,0.9513816314945771
4,2016-03-30 19:05:40,KWH,0.20678578917600926
4,2016-03-30 19:20:40,KWH,1.0958516259053288
4,2016-03-30 19:35:40,KWH,1.085148582525618
4,2016-03-30 19:50:40,KWH,1.3509268849603366
4,2016-03-30 20:05:40,KWH,0.9190598220497422
4,2016-03-30 20:20:40,KWH,0.4519717418837894
4,2016-03-30 20:35:40,KWH,1.1927629765242977
4,2016-03-30 20:50:40,KWH,0.41814268603766314
4,2016-03-30 21:05:40,KWH,1.285444618750907
4,2016-03-30 21:20:40,KWH,0.3662590513577174
4,2016-03-30 21:35:40,KWH,1.1899119258520439
4,2016-03-30 21:50:40,KWH,0.30243981939682785
4,2016-03-30 22:05:40,KWH,0.3203794579246619
4,2016-03-30 22:20:40,KWH,1.2641964809523316
4,2016-03-30 22:35:40,KWH,0.32304416990545826
4,2016-03-30 22:50:40,KWH,1.0158064444317492
4,2016-03-30 23:05:40,KWH,1.2667202479483812
4,2016-03-30 23:20:40,KWH,0.1547331087715676
4,2016-03-30 23:35:40,KWH,1.400744955434002
4,2016-03-30 23:50:40,KWH,1.6656655924323522
4,2016-03-31 00:05:40,KWH,0.7491290430436489
4,2016-03-31 00:20:40,KWH,0.9824527318900218
4,2016-03-31 00:35:40,KWH,0.20012726487741506
4,2016-03-31 00:50:40,KWH,0.574689916541422
4,2016-03-31 01:05:40,KWH,0.5675536096807468
4,2016-03-31 01:20:40,KWH,1.077258057634057
4,2016-03-31 01:35:40,KWH,0.2640955006492711
4,2016-03-31 01:50:40,KWH,1.1381128324625496
4,2016-03-31 02:05:40,KWH,1.0087578029661393
4,2016-03-31 02:20:40,KWH,0.3925967715015094
4,2016-03-31 02:35:40,KWH,0.982112432890115
4,2016-03-31 02:50:40,KWH,1.6454303134662795
4,2016-03-31 03:05:40,KWH,1.4158133387203777
4,2016-03-31 03:20:40,KWH,0.16689436595559
4,2016-03-31 03:35:40,KWH,1.6520029641022722
4,2016-03-31 03:50:40,KWH,0.5107238593279378
4,2016-03-31 04:05:40,KWH,0.7173618461995852
4,2016-03-31 04:20:40,KWH,0.8572934061413946
4,2016-03-31 04:35:40,KWH,1.1763669698657313
4,2016-03-31 04:50:40,KWH,1.7879319630600674
4,2016-03-31 05:05:40,KWH,0.5487963842781911
4,2016-03-31 05:20:40,KWH,0.32841455975603207
4,2016-03-31 05:35:40,KWH,0.7361423570265099
4,2016-03-31 05:50:40,KWH,1.222931821311187
4,2016-03-31 06:05:40,KWH,0.7140516931829394
4,2016-03-31 06:20:40,KWH,1.4331713643336161
4,2016-03-31 06:35:40,KWH,0.4413304919113821
4,2016-03-31 06:50:40,KWH,1.8853526499000994
4,2016-03-31 07:05:40,KWH,0.8709660029255473
4,2016-03-31 07:20:40,KWH,0.976069882782275
4,2016-03-31 07:35:40,KWH,0.6191548421224873
4,2016-03-31 07:50:40,KWH,0.18997239063628701
4,2016-03-31 08:05:40,KWH,1.5715629048751953
4,2016-03-31 08:20:40,KWH,1.2042848896571596
4,2016-03-31 08:35:40,KWH,1.002261541856772
4,2016-03-31 08:50:40,KWH,0.7053398229797831
4,2016-03-31 09:05:40,KWH,1.4106112290476711
4,2016-03-31 09:20:40,KWH,1.0932911811248747
4,2016-03-31 09:35:40,KWH,0.27452698872009484
4,2016-03-31 09:50:40,KWH,0.9580329632356164
4,2016-03-31 10:05:40,KWH,1.039454398976991
4,2016-03-31 10:20:40,KWH,1.5610049640562988
4,2016-03-31 10:35:40,KWH,0.8316884547527087
4,2016-03-31 10:50:40,KWH,1.6675426518889802
4,2016-03-31 11:05:40,KWH,1.5480968581145376
4,2016-03-31 11:20:40,KWH,1.7151936350364476
4,2016-03-31 11:35:40,KWH,0.4535405452872395
4,2016-03-31 11:50:40,KWH,0.453818329426837
4,2016-03-31 12:05:40,KWH,0.5748804082745089
5,2016-03-30 12:20:40,KWH,1.549222898396748
5,2016-03-30 12:35:40,KWH,0.3280421080555367
5,2016-03-30 12:50:40,KWH,0.5273344460959024
5,2016-03-30 13:05:40,KWH,0.4046856059539966
5,2016-03-30 13:20:40,KWH,0.14718164879244092
5,2016-03-30 13:35:40,KWH,1.3515974729273035
5,2016-03-30 13:50:40,KWH,0.8294415997162128
5,2016-03-30 14:05:40,KWH,0.8131995587162166
5,2016-03-30 14:20:40,KWH,1.0870017719530023
5,2016-03-30 14:35:40,KWH,0.48171676648206907
5,2016-03-30 14:50:40,KWH,0.7216182794830774
5,2016-03-30 15:05:40,KWH,1.7667422866036957
5,2016-03-30 15:20:40,KWH,1.649431324055445
5,2016-03-30 15:35:40,KWH,1.4705922571579058
5,2016-03-30 15:50:40,KWH,1.169314870261329
5,2016-03-30 16:05:40,KWH,1.7416160059065706
5,2016-03-30 16:20:40,KWH,0.4897198602770435
5,2016-03-30 16:35:40,KWH,1.4269224311272355
5,2016-03-30 16:50:40,KWH,0.9314912811498997
5,2016-03-30 17:05:40,KWH,1.6058124869882018
5,2016-03-30 17:20:40,KWH,1.168463344389315
5,2016-03-30 17:35:40,KWH,1.2773934329958407
5,2016-03-30 17:50:40,KWH,1.0031436689220057
5,2016-03-30 18:05:40,KWH,1.1465297253873175
5,2016-03-30 18:20:40,KWH,0.819740593146452
5,2016-03-30 18:35:40,KWH,0.5632689980571642
5,2016-03-30 18:50:40,KWH,0.2893080533105955
5,2016-03-30 19:05:40,KWH,0.7610870797348835
5,2016-03-30 19:20:40,KWH,0.31354693941951783
5,2016-03-30 19:35:40,KWH,1.2786972491580972
5,2016-03-30 19:50:40,KWH,1.0804571150297593
5,2016-03-30 20:05:40,KWH,1.8977706542929305
5,2016-03-30 20:20:40,KWH,0.5768672726660554
5,2016-03-30 20:35:40,KWH,0.3174297846008455
5,2016-03-30 20:50:40,KWH,0.16479480872932492
5,2016-03-30 21:05:40,KWH,0.2450057783087046
5,2016-03-30 21:20:40,KWH,0.9267975397066407
5,2016-03-30 21:35:40,KWH,0.3893656124394058
5,2016-03-30 21:50:40,KWH,1.1083003953840738
5,2016-03-30 22:05:40,KWH,1.1912617620779928
5,2016-03-30 22:20:40,KWH,1.872798811616963
5,2016-03-30 22:35:40,KWH,1.3972820370986552
5,2016-03-30 22:50:40,KWH,0.8203101775270335
5,2016-03-30 23:05:40,KWH,0.3579147164245906
5,2016-03-30 23:20:40,KWH,0.31894514531018436
5,2016-03-30 23:35:40,KWH,0.30284881041937456
5,2016-03-30 23:50:40,KWH,1.7512716258721492
5,2016-03-31 00:05:40,KWH,0.5010710974369179
5,2016-03-31 00:20:40,KWH,0.5554255110181571
5,2016-03-31 00:35:40,KWH,1.2236873252819387
5,2016-03-31 00:50:40,KWH,1.5600894822425158
5,2016-03-31 01:05:40,KWH,1.4103102731250985
5,2016-03-31 01:20:40,KWH,1.631857184030528
5,2016-03-31 01:35:40,KWH,0.31670910733435664
5,2016-03-31 01:50:40,KWH,0.3848547274126274
5,2016-03-31 02:05:40,KWH,0.9818235832377844
5,2016-03-31 02:20:40,KWH,1.4908974019777697
5,2016-03-31 02:35:40,KWH,1.6112694184655265
5,2016-03-31 02:50:40,KWH,0.22724704233768525
5,2016-03-31 03:05:40,KWH,1.2870423147326562
5,2016-03-31 03:20:40,KWH,0.8584523433290624
5,2016-03-31 03:35:40,KWH,0.3268906216034623
5,2016-03-31 03:50:40,KWH,1.7393077105480181
5,2016-03-31 04:05:40,KWH,1.277718428958049
5,2016-03-31 04:20:40,KWH,1.4931702511731735
5,2016-03-31 04:35:40,KWH,1.058147135646093
5,2016-03-31 04:50:40,KWH,0.5911015780961958
5,2016-03-31 05:05:40,KWH,0.2739886716107721
5,2016-03-31 05:20:40,KWH,1.7656395338614381
5,2016-03-31 05:35:40,KWH,0.35828165891854746
5,2016-03-31 05:50:40,KWH,0.17707827685974747
5,2016-03-31 06:05:40,KWH,1.1360910903319645
5,2016-03-31 06:20:40,KWH,0.5452391368282201
5,2016-03-31 06:35:40,KWH,0.897277953381664
5,2016-03-31 06:50:40,KWH,1.6313010214902526
5,2016-03-31 07:05:40,KWH,1.2369725219418501
5,2016-03-31 07:20:40,KWH,1.4967722307780786
5,2016-03-31 07:35:40,KWH,1.1135673160434099
5,2016-03-31 07:50:40,KWH,0.46395204040879967
5,2016-03-31 08:05:40,KWH,1.7555530833251927
5,2016-03-31 08:20:40,KWH,0.11942579167484645
5,2016-03-31 08:35:40,KWH,0.21083939188975453
5,2016-03-31 08:50:40,KWH,0.44032012930598874
5,2016-03-31 09:05:40,KWH,1.741959758779933
5,2016-03-31 09:20:40,KWH,1.0950619824988999
5,2016-03-31 09:35:40,KWH,0.9860585747215485
5,2016-03-31 09:50:40,KWH,1.3367115401500933
5,2016-03-31 10:05:40,KWH,0.782303892969424
5,2016-03-31 10:20:40,KWH,0.1753727764017131
5,2016-03-31 10:35:40,KWH,0.27409244443417846
5,2016-03-31 10:50:40,KWH,1.8564336438308915
5,2016-03-31 11:05:40,KWH,1.0230310366766093
5,2016-03-31 11:20:40,KWH,1.2782425395509442
5,2016-03-31 11:35:40,KWH,1.5037499554625515
5,2016-03-31 11:50:40,KWH,0.23537310939651382
5,2016-03-31 12:05:40,KWH,1.5726542473083682
6,2016-03-30 12:20:40,KWH,0.11289975102099317
6,2016-03-30 12:35:40,KWH,0.24749907513168953
6,2016-03-30 12:50:40,KWH,1.724255682273077
6,2016-03-30 13:05:40,KWH,1.3853688639786303
6,2016-03-30 13:20:40,KWH,1.4058849819542467
6,2016-03-30 13:35:40,KWH,0.19883231291091216
6,2016-03-30 13:50:40,KWH,1.2603345667457209
6,2016-03-30 14:05:40,KWH,0.314544253488061
6,2016-03-30 14:20:40,KWH,1.795725796470995
6,2016-03-30 14:35:40,KWH,0.8513574889064327
6,2016-03-30 14:50:40,KWH,1.4775065128525633
6,2016-03-30 15:05:40,KWH,1.018637885109607
6,2016-03-30 15:20:40,KWH,1.5578206281242168
6,2016-03-30 15:35:40,KWH,0.5652122094347106
6,2016-03-30 15:50:40,KWH,1.6820535430979342
6,2016-03-30 16:05:40,KWH,0.8782133185143545
6,2016-03-30 16:20:40,KWH,1.6307202214602954
6,2016-03-30 16:35:40,KWH,1.3397376292056826
6,2016-03-30 16:50:40,KWH,1.3900869483117124
6,2016-03-30 17:05:40,KWH,1.6286041785914294
6,2016-03-30 17:20:40,KWH,0.7641118895160693
6,2016-03-30 17:35:40,KWH,0.785569091009265
6,2016-03-30 17:50:40,KWH,0.7548724036740337
6,2016-03-30 18:05:40,KWH,1.893135826927871
6,2016-03-30 18:20:40,KWH,1.5069808574008565
6,2016-03-30 18:35:40,KWH,1.113046597811191
6,2016-03-30 18:50:40,KWH,0.9365029872885113
6,2016-03-30 19:05:40,KWH,0.6289652067556573
6,2016-03-30 19:20:40,KWH,0.19154817007458944
6,2016-03-30 19:35:40,KWH,1.6981922894465369
6,2016-03-30 19:50:40,KWH,0.7678277219454279
6,2016-03-30 20:05:40,KWH,1.573770060114019
6,2016-03-30 20:20:40,KWH,0.6926844247804067
6,2016-03-30 20:35:40,KWH,1.4171792905758873
6,2016-03-30 20:50:40,KWH,0.5549424730380811
6,2016-03-30 21:05:40,KWH,1.0130508442728277
6,2016-03-30 21:20:40,KWH,1.6780045005914825
6,2016-03-30 21:35:40,KWH,1.7983274074592905
6,2016-03-30 21:50:40,KWH,1.8229802844424214
6,2016-03-30 22:05:40,KWH,1.06759036931844
6,2016-03-30 22:20:40,KWH,1.6266372805273912
6,2016-03-30 22:35:40,KWH,0.14872679132194744
6,2016-03-30 22:50:40,KWH,0.13480922416257793
6,2016-03-30 23:05:40,KWH,0.562319238367347
6,2016-03-30 23:20:40,KWH,1.2494814715006644
6,2016-03-30 23:35:40,KWH,1.4106993982894467
6,2016-03-30 23:50:40,KWH,1.6051556737078614
6,2016-03-31 00:05:40,KWH,0.8788730805323431
6,2016-03-31 00:20:40,KWH,0.8089287276056742
6,2016-03-31 00:35:40,KWH,0.4729491992005007
6,2016-03-31 00:50:40,KWH,1.4745364598866837
6,2016-03-31 01:05:40,KWH,1.2334683634941654
6,2016-03-31 01:20:40,KWH,1.6900212201347276
6,2016-03-31 01:35:40,KWH,0.1530788584720069
6,2016-03-31 01:50:40,KWH,0.6262006136548719
6,2016-03-31 02:05:40,KWH,0.8588124255821283
6,2016-03-31 02:20:40,KWH,0.18947137253611976
6,2016-03-31 02:35:40,KWH,0.40014193185045144
6,2016-03-31 02:50:40,KWH,1.2352926540809468
6,2016-03-31 03:05:40,KWH,0.39345620495278155
6,2016-03-31 03:20:40,KWH,0.7410100895254483
6,2016-03-31 03:35:40,KWH,0.11561384453121054
6,2016-03-31 03:50:40,KWH,0.1696093422381504
6,2016-03-31 04:05:40,KWH,0.8434888416562255
6,2016-03-31 04:20:40,KWH,0.29061093168393093
6,2016-03-31 04:35:40,KWH,0.3102446353839687
6,2016-03-31 04:50:40,KWH,1.8398456100205964
6,2016-03-31 05:05:40,KWH,1.3613539945789235
6,2016-03-31 05:20:40,KWH,0.7685345991726537
6,2016-03-31 05:35:40,KWH,1.7243198993833795
6,2016-03-31 05:50:40,KWH,1.4644537015672978
6,2016-03-31 06:05:40,KWH,0.39404082963438347
6,2016-03-31 06:20:40,KWH,0.4190528181729368
6,2016-03-31 06:35:40,KWH,0.19398706133829166
6,2016-03-31 06:50:40,KWH,1.2592038252705904
6,2016-03-31 07:05:40,KWH,1.3159724625873637
6,2016-03-31 07:20:40,KWH,0.3930780683968401
6,2016-03-31 07:35:40,KWH,0.181312603149325
6,2016-03-31 07:50:40,KWH,1.4137541916280767
6,2016-03-31 08:05:40,KWH,0.8975543203403786
6,2016-03-31 08:20:40,KWH,1.7691524368916376
6,2016-03-31 08:35:40,KWH,1.63371819581682
6,2016-03-31 08:50:40,KWH,0.6415038580404497
6,2016-03-31 09:05:40,KWH,1.1567842360698493
6,2016-03-31 09:20:40,KWH,1.574907532982481
6,2016-03-31 09:35:40,KWH,0.5346872474425963
6,2016-03-31 09:50:40,KWH,0.5370495205347587
6,2016-03-31 10:05:40,KWH,0.6034136408286185
6,2016-03-31 10:20:40,KWH,1.8796600171510602
6,2016-03-31 10:35:40,KWH,1.0653459654041415
6,2016-03-31 10:50:40,KWH,0.18467071551819042
6,2016-03-31 11:05:40,KWH,1.046530727281261
6,2016-03-31 11:20:40,KWH,1.8879962133189239
6,2016-03-31 11:35:40,KWH,0.18823496686285088
6,2016-03-31 11:50:40,KWH,0.10716967272516698
6,2016-03-31 12:05:40,KWH,1.295099878822344
7,2016-03-30 12:20:40,KWH,0.9725947858054523
7,2016-03-30 12:35:40,KWH,0.815319357343788
7,2016-03-30 12:50:40,KWH,1.6091305550351758
7,2016-03-30 13:05:40,KWH,1.211492772796332
7,2016-03-30 13:20:40,KWH,1.3814606419045632
7,2016-03-30 13:35:40,KWH,1.3071832493917808
7,2016-03-30 13:50:40,KWH,0.34744103754268507
7,2016-03-30 14:05:40,KWH,0.33695496293018834
7,2016-03-30 14:20:40,KWH,0.5038092278201078
7,2016-03-30 14:35:40,KWH,0.9513085650469287
7,2016-03-30 14:50:40,KWH,1.0679311982095638
7,2016-03-30 15:05:40,KWH,1.676217613584103
7,2016-03-30 15:20:40,KWH,0.8272317451071843
7,2016-03-30 15:35:40,KWH,0.21588607305713614
7,2016-03-30 15:50:40,KWH,0.2907268573180716
7,2016-03-30 16:05:40,KWH,1.897666183957092
7,2016-03-30 16:20:40,KWH,1.0839942562290752
7,2016-03-30 16:35:40,KWH,1.6482652256716543
7,2016-03-30 16:50:40,KWH,1.7964797482057049
7,2016-03-30 17:05:40,KWH,1.6729650534019604
7,2016-03-30 17:20:40,KWH,1.88079980942093
7,2016-03-30 17:35:40,KWH,1.4373110640773736
7,2016-03-30 17:50:40,KWH,0.6924963949444791
7,2016-03-30 18:05:40,KWH,0.8386066330750835
7,2016-03-30 18:20:40,KWH,1.594948235624749
7,2016-03-30 18:35:40,KWH,1.830428751950451
7,2016-03-30 18:50:40,KWH,1.4009559185699083
7,2016-03-30 19:05:40,KWH,0.2889616936705699
7,2016-03-30 19:20:40,KWH,1.658520641367773
7,2016-03-30 19:35:40,KWH,0.24305093459649807
7,2016-03-30 19:50:40,KWH,1.7084885412048052
7,2016-03-30 20:05:40,KWH,0.5442569211967234
7,2016-03-30 20:20:40,KWH,1.159312090811849
7,2016-03-30 20:35:40,KWH,0.8559171456065459
7,2016-03-30 20:50:40,KWH,0.1228432425180706
7,2016-03-30 21:05:40,KWH,1.1668898334129398
7,2016-03-30 21:20:40,KWH,1.1372805000246808
7,2016-03-30 21:35:40,KWH,1.0893586853734767
7,2016-03-30 21:50:40,KWH,0.34917560946673953
7,2016-03-30 22:05:40,KWH,0.4230073685358956
7,2016-03-30 22:20:40,KWH,1.0462889090236909
7,2016-03-30 22:35:40,KWH,0.4307257480908141
7,2016-03-30 22:50:40,KWH,1.8613026539714035
7,2016-03-30 23:05:40,KWH,0.41097924502971406
7,2016-03-30 23:20:40,KWH,0.24927443794555312
7,2016-03-30 23:35:40,KWH,1.1082770284210843
7,2016-03-30 23:50:40,KWH,0.4314204983763761
7,2016-03-31 00:05:40,KWH,1.029095639890024
7,2016-03-31 00:20:40,KWH,1.3964874294921952
7,2016-03-31 00:35:40,KWH,1.5627408885823337
7,2016-03-31 00:50:40,KWH,0.9405476255936758
7,2016-03-31 01:05:40,KWH,1.107217439054374
7,2016-03-31 01:20:40,KWH,1.3622824401123084
7,2016-03-31 01:35:40,KWH,0.20661695926062196
7,2016-03-31 01:50:40,KWH,0.8455127256351965
7,2016-03-31 02:05:40,KWH,1.2383782056842427
7,2016-03-31 02:20:40,KWH,1.3713918336384197
7,2016-03-31 02:35:40,KWH,1.3532901168053204
7,2016-03-31 02:50:40,KWH,1.8410518516520415
7,2016-03-31 03:05:40,KWH,1.8078340693072525
7,2016-03-31 03:20:40,KWH,0.9946264366025648
7,2016-03-31 03:35:40,KWH,1.8469271082901746
7,2016-03-31 03:50:40,KWH,0.40765728830673675
7,2016-03-31 04:05:40,KWH,0.8619083576878797
7,2016-03-31 04:20:40,KWH,0.11597171325027156
7,2016-03-31 04:35:40,KWH,1.173737729093645
7,2016-03-31 04:50:40,KWH,0.9417995692298855
7,2016-03-31 05:05:40,KWH,1.5771565060930044
7,2016-03-31 05:20:40,KWH,0.15614379937865736
7,2016-03-31 05:35:40,KWH,1.4019567233243624
7,2016-03-31 05:50:40,KWH,0.7467562120215453
7,2016-03-31 06:05:40,KWH,0.8394516377445702
7,2016-03-31 06:20:40,KWH,1.0860692052400223
7,2016-03-31 06:35:40,KWH,1.7480014012477725
7,2016-03-31 06:50:40,KWH,1.1596095308232799
7,2016-03-31 07:05:40,KWH,0.7238229474974472
7,2016-03-31 07:20:40,KWH,0.80251759256222
7,2016-03-31 07:35:40,KWH,1.3550144376259654
7,2016-03-31 07:50:40,KWH,1.2162591335160968
7,2016-03-31 08:05:40,KWH,0.22118736809373804
7,2016-03-31 08:20:40,KWH,1.5161117232971482
7,2016-03-31 08:35:40,KWH,1.0799468436705397
7,2016-03-31 08:50:40,KWH,1.6666542241426272
7,2016-03-31 09:05:40,KWH,1.3896781662427429
7,2016-03-31 09:20:40,KWH,1.1203180358377947
7,2016-03-31 09:35:40,KWH,1.6857508318392218
7,2016-03-31 09:50:40,KWH,0.443427575881403
7,2016-03-31 10:05:40,KWH,0.3088501827935066
7,2016-03-31 10:20:40,KWH,1.0930849962039695
7,2016-03-31 10:35:40,KWH,0.12404805344568036
7,2016-03-31 10:50:40,KWH,1.599361372338311
7,2016-03-31 11:05:40,KWH,1.1535502707479206
7,2016-03-31 11:20:40,KWH,1.2325545372982594
7,2016-03-31 11:35:40,KWH,1.127073685555316
7,2016-03-31 11:50:40,KWH,1.348101535295273
7,2016-03-31 12:05:40,KWH,0.7496915822994968
8,2016-03-30 12:20:40,KWH,0.47315777719800567
8,2016-03-30 12:35:40,KWH,0.318033900076479
8,2016-03-30 12:50:40,KWH,0.9796778112481491
8,2016-03-30 13:05:40,KWH,0.7983468627086371
8,2016-03-30 13:20:40,KWH,1.8676257066204471
8,2016-03-30 13:35:40,KWH,1.4173195377971848
8,2016-03-30 13:50:40,KWH,0.11300037976631264
8,2016-03-30 14:05:40,KWH,1.2343213985329942
8,2016-03-30 14:20:40,KWH,1.135338437642703
8,2016-03-30 14:35:40,KWH,1.3671993418876975
8,2016-03-30 14:50:40,KWH,0.16580553702708625
8,2016-03-30 15:05:40,KWH,0.2469147677344754
8,2016-03-30 15:20:40,KWH,0.302880651942396
8,2016-03-30 15:35:40,KWH,0.28227002701678244
8,2016-03-30 15:50:40,KWH,0.42010051994995157
8,2016-03-30 16:05:40,KWH,0.10492197200202974
8,2016-03-30 16:20:40,KWH,1.499923378826117
8,2016-03-30 16:35:40,KWH,0.4701091227603512
8,2016-03-30 16:50:40,KWH,0.9072758220068263
8,2016-03-30 17:05:40,KWH,1.3605124966713371
8,2016-03-30 17:20:40,KWH,0.44604110009516074
8,2016-03-30 17:35:40,KWH,1.6976317809010073
8,2016-03-30 17:50:40,KWH,0.47294278352415287
8,2016-03-30 18:05:40,KWH,1.537301748743932
8,2016-03-30 18:20:40,KWH,1.813042289485482
8,2016-03-30 18:35:40,KWH,1.0117636261742917
8,2016-03-30 18:50:40,KWH,0.5742627769461917
8,2016-03-30 19:05:40,KWH,1.4986642508143975
8,2016-03-30 19:20:40,KWH,0.10334262635152316
8,2016-03-30 19:35:40,KWH,0.2743943376501372
8,2016-03-30 19:50:40,KWH,0.27192055245909885
8,2016-03-30 20:05:40,KWH,1.0524001144710733
8,2016-03-30 20:20:40,KWH,1.5643213926078214
8,2016-03-30 20:35:40,KWH,1.4474586053638767
8,2016-03-30 20:50:40,KWH,0.5214043223070853
8,2016-03-30 21:05:40,KWH,1.7333724762004177
8,2016-03-30 21:20:40,KWH,0.3553213610542413
8,2016-03-30 21:35:40,KWH,1.2897947284015276
8,2016-03-30 21:50:40,KWH,0.4436119061893572
8,2016-03-30 22:05:40,KWH,1.2997803123725218
8,2016-03-30 22:20:40,KWH,1.098854484345051
8,2016-03-30 22:35:40,KWH,0.397025418418251
8,2016-03-30 22:50:40,KWH,0.5225501865137642
8,2016-03-30 23:05:40,KWH,0.8001371221054366
8,2016-03-30 23:20:40,KWH,1.8675130533413418
8,2016-03-30 23:35:40,KWH,1.0029546741119615
8,2016-03-30 23:50:40,KWH,0.9760920559624502
8,2016-03-31 00:05:40,KWH,0.531771787835605
8,2016-03-31 00:20:40,KWH,1.3577457294967883
8,2016-03-31 00:35:40,KWH,0.9824041877834865
8,2016-03-31 00:50:40,KWH,0.8519544630234233
8,2016-03-31 01:05:40,KWH,0.8160989642013533
8,2016-03-31 01:20:40,KWH,0.6326293159271109
8,2016-03-31 01:35:40,KWH,1.1361397688378734
8,2016-03-31 01:50:40,KWH,1.3529487019914879
8,2016-03-31 02:05:40,KWH,0.31185518960029346
8,2016-03-31 02:20:40,KWH,0.27226240862164275
8,2016-03-31 02:35:40,KWH,0.30660149256641145
8,2016-03-31 02:50:40,KWH,0.5210773767126774
8,2016-03-31 03:05:40,KWH,0.2574566733818344
8,2016-03-31 03:20:40,KWH,0.9459064328600036
8,2016-03-31 03:35:40,KWH,1.8941487856429526
8,2016-03-31 03:50:40,KWH,1.150742235425838
8,2016-03-31 04:05:40,KWH,1.3676565301821233
8,2016-03-31 04:20:40,KWH,1.803514706131073
8,2016-03-31 04:35:40,KWH,0.641941269529583
8,2016-03-31 04:50:40,KWH,0.8678445754471997
8,2016-03-31 05:05:40,KWH,0.6965179484516507
8,2016-03-31 05:20:40,KWH,1.1572847559081574
8,2016-03-31 05:35:40,KWH,0.5847142393049818
8,2016-03-31 05:50:40,KWH,1.40022436212275
8,2016-03-31 06:05:40,KWH,1.2723404767575723
8,2016-03-31 06:20:40,KWH,0.7476300397598948
8,2016-03-31 06:35:40,KWH,0.7097752729328282
8,2016-03-31 06:50:40,KWH,1.6539409597053083
8,2016-03-31 07:05:40,KWH,1.0325900329713609
8,2016-03-31 07:20:40,KWH,0.5047636763476426
8,2016-03-31 07:35:40,KWH,1.441660129228784
8,2016-03-31 07:50:40,KWH,1.7803483992101579
8,2016-03-31 08:05:40,KWH,0.12554401202525967
8,2016-03-31 08:20:40,KWH,0.12037673348352432
8,2016-03-31 08:35:40,KWH,1.558419777390535
8,2016-03-31 08:50:40,KWH,1.3664860732483777
8,2016-03-31 09:05:40,KWH,1.130108361391039
8,2016-03-31 09:20:40,KWH,0.7718309534771358
8,2016-03-31 09:35:40,KWH,0.7609769916478462
8,2016-03-31 09:50:40,KWH,0.6432072596322376
8,2016-03-31 10:05:40,KWH,1.284763816767964
8,2016-03-31 10:20:40,KWH,1.1316957934907135
8,2016-03-31 10:35:40,KWH,1.134251394022814
8,2016-03-31 10:50:40,KWH,0.873706353705513
8,2016-03-31 11:05:40,KWH,1.6853930749570958
8,2016-03-31 11:20:40,KWH,0.8080638899924563
8,2016-03-31 11:35:40,KWH,1.5195309648585749
8,2016-03-31 11:50:40,KWH,0.18613862957439517
8,2016-03-31 12:05:40,KWH,0.30747147028161315
9,2016-03-30 12:20:40,KWH,1.0498633595177589
9,2016-03-30 12:35:40,KWH,0.18305338931404774
9,2016-03-30 12:50:40,KWH,1.3859728641345006
9,2016-03-30 13:05:40,KWH,0.9645996892738682
9,2016-03-30 13:20:40,KWH,0.2224598715706967
9,2016-03-30 13:35:40,KWH,0.5535241325511135
9,2016-03-30 13:50:40,KWH,1.5775928619491777
9,2016-03-30 14:05:40,KWH,1.5267424680839508
9,2016-03-30 14:20:40,KWH,1.1840606229718846
9,2016-03-30 14:35:40,KWH,0.9557922534419688
9,2016-03-30 14:50:40,KWH,1.424510499567519
9,2016-03-30 15:05:40,KWH,0.3870994245467565
9,2016-03-30 15:20:40,KWH,1.6108505496344172
9,2016-03-30 15:35:40,KWH,1.3919307935200012
9,2016-03-30 15:50:40,KWH,1.467781350524571
9,2016-03-30 16:05:40,KWH,1.7637623153295963
9,2016-03-30 16:20:40,KWH,1.6016825794339298
9,2016-03-30 16:35:40,KWH,0.9239132576607794
9,2016-03-30 16:50:40,KWH,1.017727976679271
9,2016-03-30 17:05:40,KWH,0.12716675614410283
9,2016-03-30 17:20:40,KWH,1.7820178273846519
9,2016-03-30 17:35:40,KWH,1.6351324304530854
9,2016-03-30 17:50:40,KWH,0.2423095684748892
9,2016-03-30 18:05:40,KWH,0.42809614338559887
9,2016-03-30 18:20:40,KWH,0.831654814748544
9,2016-03-30 18:35:40,KWH,0.795200269338381
9,2016-03-30 18:50:40,KWH,0.13335595589765073
9,2016-03-30 19:05:40,KWH,1.7609194363122964
9,2016-03-30 19:20:40,KWH,0.3731877820350742
9,2016-03-30 19:35:40,KWH,1.1577531534641992
9,2016-03-30 19:50:40,KWH,0.8807800859886272
9,2016-03-30 20:05:40,KWH,1.0215129918884103
9,2016-03-30 20:20:40,KWH,0.8740362843921569
9,2016-03-30 20:35:40,KWH,1.4150764842466377
9,2016-03-30 20:50:40,KWH,1.8965456253292599
9,2016-03-30 21:05:40,KWH,0.8004986594153156
9,2016-03-30 21:20:40,KWH,1.2035527170832518
9,2016-03-30 21:35:40,KWH,1.448809114910134
9,2016-03-30 21:50:40,KWH,0.7166497938283029
9,2016-03-30 22:05:40,KWH,1.000846154396926
9,2016-03-30 22:20:40,KWH,1.311908519750104
9,2016-03-30 22:35:40,KWH,1.439591436680883
9,2016-03-30 22:50:40,KWH,1.812409042896273
9,2016-03-30 23:05:40,KWH,0.2724278231087023
9,2016-03-30 23:20:40,KWH,1.047635367765227
9,2016-03-30 23:35:40,KWH,1.8693613834565446
9,2016-03-30 23:50:40,KWH,0.9034586607332534
9,2016-03-31 00:05:40,KWH,0.3301136923088521
9,2016-03-31 00:20:40,KWH,0.6423825480398352
9,2016-03-31 00:35:40,KWH,1.6705763651966448
9,2016-03-31 00:50:40,KWH,1.8044041844149787
9,2016-03-31 01:05:40,KWH,0.22578162149928171
9,2016-03-31 01:20:40,KWH,1.1427824445113208
9,2016-03-31 01:35:40,KWH,0.8364456427128499
9,2016-03-31 01:50:40,KWH,1.8984626956238224
9,2016-03-31 02:05:40,KWH,0.9056253773237016
9,2016-03-31 02:20:40,KWH,0.371401211115563
9,2016-03-31 02:35:40,KWH,0.8985808132673792
9,2016-03-31 02:50:40,KWH,1.7546927935136347
9,2016-03-31 03:05:40,KWH,0.4976124505693319
9,2016-03-31 03:20:40,KWH,0.8210534287087583
9,2016-03-31 03:35:40,KWH,1.8436820001258292
9,2016-03-31 03:50:40,KWH,0.5971012083734317
9,2016-03-31 04:05:40,KWH,0.7889332444982329
9,2016-03-31 04:20:40,KWH,0.5222591554599844
9,2016-03-31 04:35:40,KWH,1.604071138781971
9,2016-03-31 04:50:40,KWH,0.27825074568558295
9,2016-03-31 05:05:40,KWH,0.2573666655890736
9,2016-03-31 05:20:40,KWH,1.3209559797436732
9,2016-03-31 05:35:40,KWH,0.7740135215762552
9,2016-03-31 05:50:40,KWH,1.167247895289955
9,2016-03-31 06:05:40,KWH,0.8558868233745968
9,2016-03-31 06:20:40,KWH,0.6818327849617085
9,2016-03-31 06:35:40,KWH,1.0038162185246253
9,2016-03-31 06:50:40,KWH,0.5775937788036458
9,2016-03-31 07:05:40,KWH,0.5463220786502122
9,2016-03-31 07:20:40,KWH,1.211973418762395
9,2016-03-31 07:35:40,KWH,0.13887518471579094
9,2016-03-31 07:50:40,KWH,0.6821777050099855
9,2016-03-31 08:05:40,KWH,0.910240230694672
9,2016-03-31 08:20:40,KWH,0.9695759165280866
9,2016-03-31 08:35:40,KWH,0.467211731819429
9,2016-03-31 08:50:40,KWH,0.9293733668498922
9,2016-03-31 09:05:40,KWH,0.7929302200220812
9,2016-03-31 09:20:40,KWH,1.5999482420410516
9,2016-03-31 09:35:40,KWH,1.672387651525069
9,2016-03-31 09:50:40,KWH,1.115313403394751
9,2016-03-31 10:05:40,KWH,1.0518289839531476
9,2016-03-31 10:20:40,KWH,0.15191573764265334
9,2016-03-31 10:35:40,KWH,0.22800602649980262
9,2016-03-31 10:50:40,KWH,1.0462142535957213
9,2016-03-31 11:05:40,KWH,1.4337094767114735
9,2016-03-31 11:20:40,KWH,1.5021551161075084
9,2016-03-31 11:35:40,KWH,1.38763028530446
9,2016-03-31 11:50:40,KWH,1.4764218155773825
9,2016-03-31 12:05:40,KWH,0.5266614848833314
10,2016-03-30 12:20:40,KWH,1.6198272391445432
10,2016-03-30 12:35:40,KWH,1.0599859466505928
10,2016-03-30 12:50:40,KWH,1.8522054333513875
10,2016-03-30 13:05:40,KWH,0.17607919798180735
10,2016-03-30 13:20:40,KWH,1.7016263690196058
10,2016-03-30 13:35:40,KWH,1.1550392654624273
10,2016-03-30 13:50:40,KWH,1.8724262730567665
10,2016-03-30 14:05:40,KWH,1.886149446682115
10,2016-03-30 14:20:40,KWH,1.3342427965027028
10,2016-03-30 14:35:40,KWH,0.7699152175922153
10,2016-03-30 14:50:40,KWH,0.11354619143545391
10,2016-03-30 15:05:40,KWH,1.440540452729407
10,2016-03-30 15:20:40,KWH,1.785596181294659
10,2016-03-30 15:35:40,KWH,1.6424307579346593
10,2016-03-30 15:50:40,KWH,0.6984359380377786
10,2016-03-30 16:05:40,KWH,1.1282014634220907
10,2016-03-30 16:20:40,KWH,0.25517992778898524
10,2016-03-30 16:35:40,KWH,1.2883127256528726
10,2016-03-30 16:50:40,KWH,1.581448592861732
10,2016-03-30 17:05:40,KWH,0.5294236269675091
10,2016-03-30 17:20:40,KWH,1.1083333934452213
10,2016-03-30 17:35:40,KWH,0.9428892073803531
10,2016-03-30 17:50:40,KWH,1.183810815742018
10,2016-03-30 18:05:40,KWH,0.3804580288366467
10,2016-03-30 18:20:40,KWH,1.608910007390717
10,2016-03-30 18:35:40,KWH,1.5173148007143273
10,2016-03-30 18:50:40,KWH,0.994534673389685
10,2016-03-30 19:05:40,KWH,1.0046448861786532
10,2016-03-30 19:20:40,KWH,0.9244015259463733
10,2016-03-30 19:35:40,KWH,0.2041589492523992
10,2016-03-30 19:50:40,KWH,0.9467241546529822
10,2016-03-30 20:05:40,KWH,1.0563342134556142
10,2016-03-30 20:20:40,KWH,1.0033672088745897
10,2016-03-30 20:35:40,KWH,1.2529021913950908
10,2016-03-30 20:50:40,KWH,0.6743940914772635
10,2016-03-30 21:05:40,KWH,0.8248391320971431
10,2016-03-30 21:20:40,KWH,1.7714072956581879
10,2016-03-30 21:35:40,KWH,1.3781390415909947
10,2016-03-30 21:50:40,KWH,1.504507234546833
10,2016-03-30 22:05:40,KWH,1.8560070578174006
10,2016-03-30 22:20:40,KWH,0.8025754311366049
10,2016-03-30 22:35:40,KWH,1.2405697145289458
10,2016-03-30 22:50:40,KWH,0.6360665279996196
10,2016-03-30 23:05:40,KWH,1.2089871715374876
10,2016-03-30 23:20:40,KWH,1.6063524694048081
10,2016-03-30 23:35:40,KWH,1.6761241691974913
10,2016-03-30 23:50:40,KWH,0.7934750473376946
10,2016-03-31 00:05:40,KWH,0.40491795503993444
10,2016-03-31 00:20:40,KWH,1.1892242464804292
10,2016-03-31 00:35:40,KWH,0.7977995491499673
10,2016-03-31 00:50:40,KWH,0.15310923013466654
10,2016-03-31 01:05:40,KWH,0.6602448199856695
10,2016-03-31 01:20:40,KWH,0.6338863430749422
10,2016-03-31 01:35:40,KWH,1.1996630459790463
10,2016-03-31 01:50:40,KWH,0.424820481591239
10,2016-03-31 02:05:40,KWH,0.8018732639769338
10,2016-03-31 02:20:40,KWH,1.6791657539052036
10,2016-03-31 02:35:40,KWH,1.1987801437022712
10,2016-03-31 02:50:40,KWH,0.2140359580108835
10,2016-03-31 03:05:40,KWH,1.2542048973837079
10,2016-03-31 03:20:40,KWH,1.5388299777772554
10,2016-03-31 03:35:40,KWH,1.0063216285215861
10,2016-03-31 03:50:40,KWH,1.4281096688202393
10,2016-03-31 04:05:40,KWH,1.4029559501457611
10,2016-03-31 04:20:40,KWH,0.5908935763106681
10,2016-03-31 04:35:40,KWH,0.7993939646635035
10,2016-03-31 04:50:40,KWH,1.0846500622607305
10,2016-03-31 05:05:40,KWH,0.5379430126420727
10,2016-03-31 05:20:40,KWH,1.3880198440555425
10,2016-03-31 05:35:40,KWH,0.9580605720591056
10,2016-03-31 05:50:40,KWH,0.9948234803103043
10,2016-03-31 06:05:40,KWH,0.8738266730696461
10,2016-03-31 06:20:40,KWH,0.377181439546577
10,2016-03-31 06:35:40,KWH,1.2194059038550722
10,2016-03-31 06:50:40,KWH,0.11487739637934509
10,2016-03-31 07:05:40,KWH,0.3224586447372961
10,2016-03-31 07:20:40,KWH,1.886553004371935
10,2016-03-31 07:35:40,KWH,1.0050913947677698
10,2016-03-31 07:50:40,KWH,0.9333373555965391
10,2016-03-31 08:05:40,KWH,1.149482943004028
10,2016-03-31 08:20:40,KWH,1.5828801927437024
10,2016-03-31 08:35:40,KWH,0.16690934408668623
10,2016-03-31 08:50:40,KWH,0.15203949325996466
10,2016-03-31 09:05:40,KWH,0.47310686208929775
10,2016-03-31 09:20:40,KWH,0.37169891022543733
10,2016-03-31 09:35:40,KWH,1.295226413484562
10,2016-03-31 09:50:40,KWH,1.7891217505485304
10,2016-03-31 10:05:40,KWH,0.5960509644709456
10,2016-03-31 10:20:40,KWH,1.7950889577084805
10,2016-03-31 10:35:40,KWH,0.6991751196689965
10,2016-03-31 10:50:40,KWH,1.7288848805766361
10,2016-03-31 11:05:40,KWH,1.1115630057152561
10,2016-03-31 11:20:40,KWH,0.7413548387767541
10,2016-03-31 11:35:40,KWH,0.7028799379831596
10,2016-03-31 11:50:40,KWH,0.6579574830838308
10,2016-03-31 12:05:40,KWH,0.1073069217267866
